Probe,pcawg_found_columns_iqr_corr,pcawg_found_columns_prim,pcawg_found_columns_sith_corr,tgca_found_columns_iqr_corr,tgca_found_columns_prim,tgca_found_columns_sith_corr
cg24788333,0,0,0,1,0,0
cg13621113,0,0,0,0,0,1
cg17368114,1,0,0,0,0,0
cg09110388,0,0,0,1,0,0
cg00829845,0,1,0,0,0,0
cg23227945,0,0,0,0,1,0
cg23555395,0,0,0,0,0,1
cg24221853,0,1,0,0,0,0
cg23453420,0,0,0,0,1,0
cg03354616,0,0,0,0,0,1
cg09506515,0,0,0,0,1,0
cg27179327,0,0,0,0,1,0
cg14373611,0,0,1,0,0,0
cg06041067,0,0,0,0,0,1
cg09944626,1,0,0,0,0,0
cg24292538,0,1,0,0,0,0
cg24096120,0,0,0,1,0,0
cg04152326,0,0,0,1,0,0
cg04917275,0,0,0,1,0,0
cg12379294,0,0,0,0,1,0
cg22827685,0,0,0,1,0,0
cg12119111,0,1,0,0,0,0
cg02707638,0,0,0,0,1,0
cg16272777,1,0,1,0,0,0
cg24096540,0,0,0,1,0,0
cg09058650,1,0,0,0,0,0
cg15002761,1,0,0,0,0,0
cg23691894,0,0,1,0,0,0
cg01302562,0,0,0,0,0,1
cg03719032,0,1,0,0,0,0
cg26583041,0,0,1,0,0,0
cg23214071,0,0,1,0,0,0
cg01378999,0,1,0,0,0,0
cg23837623,0,0,1,0,0,0
cg01377305,0,1,0,0,0,0
cg25440497,0,1,0,0,0,0
cg08769634,0,0,0,1,0,0
cg15605096,0,0,0,0,0,1
cg22496559,0,0,0,0,0,1
cg07083862,0,0,0,1,0,0
cg26151283,0,0,0,0,1,0
cg11235594,0,0,0,1,0,0
cg21724798,0,1,0,0,0,0
cg23112609,0,0,0,1,0,0
cg23261372,0,0,0,0,1,0
cg18565809,0,0,0,1,0,1
cg18428265,0,0,1,0,0,0
cg26187123,0,0,0,0,1,0
cg13512032,0,1,0,0,0,0
cg20556216,0,0,1,0,0,0
cg25510610,0,0,0,0,1,0
cg13170051,0,1,0,0,0,0
cg10553343,0,0,0,0,0,1
cg02224164,0,0,1,0,0,0
cg16136840,0,0,0,0,1,0
cg04928129,0,0,0,0,1,0
cg07381470,0,0,1,0,0,0
cg17131579,0,0,1,0,0,0
cg02822745,0,0,0,0,0,1
cg14189304,0,0,0,0,1,0
cg08578641,0,0,0,0,0,1
cg01404122,0,0,0,0,0,1
cg20299573,0,0,1,0,0,0
cg23063740,0,0,0,1,0,0
cg15345769,0,0,0,0,0,1
cg25198599,0,0,0,0,0,1
cg18394854,0,0,1,0,0,0
cg13665021,0,1,0,0,0,0
cg10918927,0,0,0,0,1,0
cg24366241,0,1,0,0,0,0
cg20191512,0,0,0,1,0,0
cg03644271,0,0,0,0,1,0
cg00025663,0,0,0,0,0,1
cg08598483,1,0,1,0,0,0
cg07545640,0,0,0,0,1,0
cg14209346,0,0,0,1,0,0
cg08496033,0,1,0,0,0,0
cg22521539,0,1,0,0,0,0
cg02666119,0,1,0,0,0,0
cg24837075,0,0,0,0,0,1
cg00553967,0,0,0,0,0,1
cg07584855,1,0,0,0,0,0
cg15602741,0,0,0,0,0,1
cg10135474,0,0,0,0,0,1
cg22596049,0,1,0,0,0,0
cg03980072,0,0,0,1,0,0
cg10515131,0,0,1,0,0,0
cg26554353,0,1,0,0,0,0
cg24515341,0,1,0,0,0,0
cg02120433,0,0,1,0,0,0
cg26283496,0,0,0,1,0,0
cg26536999,0,0,0,1,0,0
cg05831188,0,0,0,1,0,0
cg24917131,0,0,1,0,0,0
cg01708202,0,0,0,1,0,0
cg17034030,1,0,0,0,0,0
cg19942237,0,0,0,1,0,0
cg16982658,0,0,1,0,0,0
cg16947791,0,0,1,0,0,0
cg14219630,0,0,0,0,1,0
cg14585167,0,0,0,0,0,1
cg13246856,1,0,0,0,0,0
cg02690571,0,1,0,0,0,0
cg01584939,0,0,0,0,0,1
cg12640109,0,0,1,0,0,0
cg06524099,0,0,0,0,1,0
cg13924988,0,0,0,0,1,0
cg16016034,0,0,0,0,0,1
cg04770218,0,0,0,0,0,1
cg19433955,0,0,0,0,1,0
cg03787864,1,0,0,0,0,0
cg11911550,0,0,0,0,1,0
cg13976219,1,0,0,0,0,0
cg14265813,0,0,0,0,1,0
cg13028819,0,0,0,1,0,1
cg17378803,0,1,0,0,0,0
cg09944697,0,1,0,0,0,0
cg17163729,0,0,0,1,0,0
cg25383323,1,0,0,0,0,0
cg15381130,1,0,0,0,0,0
cg00806461,0,0,1,0,0,0
cg10437224,0,0,0,0,0,1
cg18665594,1,0,0,0,0,0
cg21991633,0,0,0,1,0,0
cg06805320,1,0,1,0,0,0
cg10652650,0,0,0,0,1,0
cg26617787,0,0,0,0,0,1
cg01642550,1,0,0,0,0,0
cg05168609,0,0,0,1,0,0
cg11785980,0,0,0,1,0,0
cg22495636,0,0,0,1,0,0
cg22283959,1,0,0,0,0,0
cg03985452,0,0,0,1,0,0
cg26354017,0,0,1,0,0,0
cg00648274,0,0,0,1,0,0
cg07916884,1,0,0,0,0,0
cg07486666,0,1,0,0,0,0
cg08215811,0,0,0,0,1,0
cg11743827,0,1,0,0,0,0
cg17880816,0,1,0,0,0,0
cg07125967,0,0,0,1,0,0
cg18756868,0,0,0,0,1,0
cg12980201,0,1,0,0,0,0
cg13747681,0,0,0,0,0,1
cg16000360,0,0,0,0,1,0
cg26787244,0,1,0,0,0,0
cg23473114,0,0,1,0,0,0
cg11192141,0,0,0,1,0,0
cg09993945,0,0,0,0,0,1
cg18428542,0,1,0,0,0,0
cg12765138,1,0,0,0,0,0
cg16060204,1,0,0,0,0,0
cg16637458,0,0,0,0,0,1
cg19408535,0,0,0,0,1,0
cg15729859,1,0,0,0,0,0
cg21686694,0,1,0,0,0,0
cg07804749,0,0,0,0,0,1
cg22396033,0,1,0,0,0,0
cg12798118,0,1,0,0,0,0
cg07981471,0,0,1,0,0,0
cg23487759,0,0,0,1,0,0
cg17278355,0,1,0,0,0,0
cg13436417,0,1,0,0,0,0
cg03463523,1,0,0,0,0,0
cg15017043,1,0,0,0,0,0
cg25496467,0,0,0,0,0,1
cg02803847,0,0,1,0,0,0
cg16873414,1,0,0,0,0,0
cg02443062,0,0,0,0,1,0
cg13362636,0,0,0,1,0,0
cg00598204,0,0,0,0,0,1
cg26270261,0,0,0,0,0,1
cg08365687,0,0,0,0,0,1
cg06236140,1,0,0,0,0,0
cg16537371,0,1,0,0,0,0
cg26495839,0,1,0,0,0,0
cg01950958,0,1,0,0,0,0
cg23474190,0,0,0,0,1,0
cg15875860,0,0,0,0,1,0
cg09081941,1,0,0,0,0,0
cg18926212,0,0,1,0,0,0
cg06506864,0,0,0,1,0,0
cg27430961,1,0,0,0,0,0
cg12732514,0,1,0,0,0,0
cg17484331,0,0,0,1,0,0
cg03895404,1,0,0,0,0,0
cg27616751,0,0,1,0,0,0
cg20555778,0,0,1,0,0,0
cg27217748,1,0,0,0,0,0
cg14342823,0,0,0,0,1,0
cg02513379,0,1,0,0,0,0
cg03523740,1,0,0,0,0,0
cg09578353,1,0,0,0,0,0
cg15721475,1,0,0,0,0,0
cg18993847,0,1,0,0,0,0
cg01677148,0,0,0,0,1,0
cg21007852,0,0,1,0,0,0
cg08155817,0,1,0,0,0,0
cg20109151,0,0,0,0,1,0
cg04419610,0,0,1,0,0,0
cg27583071,0,0,0,1,0,0
cg07235253,1,0,1,0,0,0
cg26315261,0,1,0,0,0,0
cg14806083,0,0,0,1,0,0
cg05815906,0,0,0,0,1,0
cg23868848,0,0,0,0,1,0
cg13589810,0,0,0,0,0,1
cg02181247,1,0,0,0,0,0
cg12680131,0,0,0,1,0,0
cg20963550,0,0,0,1,0,0
cg00806826,0,1,0,0,0,0
cg00341606,0,0,0,0,1,0
cg06358671,0,0,1,0,0,0
cg02950362,0,1,0,0,0,0
cg20359413,0,1,0,0,0,0
cg24159636,0,0,0,0,0,1
cg23268979,0,0,0,1,0,0
cg20511194,0,0,0,0,1,0
cg07439791,0,0,0,0,1,0
cg06349174,1,0,0,0,0,0
cg20229025,1,0,0,0,0,0
cg22635155,1,0,1,0,0,0
cg01842321,1,0,1,0,0,0
cg25665622,0,1,0,0,0,0
cg19263548,0,0,0,0,0,1
cg00053927,0,0,0,1,0,0
cg12398397,0,0,0,0,1,0
cg15967169,0,0,1,0,0,0
cg06613765,0,1,0,0,0,0
cg10783797,1,0,0,0,0,0
cg19529599,0,0,0,0,0,1
cg16654771,0,0,0,0,1,0
cg10153942,1,0,0,0,0,0
cg15899410,1,0,0,0,0,0
cg17297328,0,1,0,0,0,0
cg01971667,0,1,0,0,0,0
cg19734465,0,0,1,0,0,0
cg17756105,0,0,0,1,0,0
cg06872331,0,0,0,0,1,0
cg01910484,0,0,0,0,1,0
cg11538407,0,0,1,0,0,0
cg14378039,0,0,0,1,0,0
cg14333779,1,0,0,0,0,0
cg00067742,0,0,0,1,0,0
cg06266388,0,1,0,0,0,0
cg19946638,0,0,0,1,0,0
cg02239163,0,0,0,0,0,1
cg16549073,0,0,0,0,1,0
cg04706044,0,0,0,1,0,0
cg08028651,0,1,0,0,0,0
cg21959414,0,1,0,0,0,0
cg03672854,0,0,0,0,1,0
cg14639897,0,1,0,0,0,0
cg10067458,1,0,0,0,0,0
icgc_sample_id,1,1,1,0,0,0
ch.4.179413987F,0,0,1,0,0,0
cg05807849,0,1,0,0,0,0
cg12621303,0,0,0,0,0,1
cg24161793,0,0,1,0,0,0
cg07086295,0,0,0,1,0,0
cg08231730,1,0,0,0,0,0
cg09708044,0,0,0,1,0,0
cg01077102,0,0,0,0,1,0
cg17264618,0,0,1,0,0,0
cg07910488,0,0,0,1,0,0
cg05165378,0,0,1,0,0,0
cg25466245,0,0,0,0,0,1
cg16155122,0,1,0,0,0,0
cg13085030,1,0,0,0,0,0
cg11363229,0,0,0,0,0,1
cg20971474,0,0,0,1,0,0
cg07155455,0,0,0,1,0,1
cg24797574,0,0,0,0,0,1
cg13931752,0,0,1,0,0,0
cg27086014,1,1,1,0,0,0
cg05167782,0,1,0,0,0,0
cg01326421,0,0,1,0,0,0
cg06255741,1,0,0,0,0,0
cg12180123,0,1,0,0,0,0
cg26864661,1,0,0,0,0,0
cg17471836,0,0,1,0,0,0
cg14507310,0,0,1,0,0,0
cg10342899,0,0,0,0,1,0
cg27292099,0,0,0,0,0,1
cg00111778,0,0,0,1,0,0
cg23521905,0,0,0,0,0,1
cg26728422,0,0,0,0,1,0
cg27546012,0,0,1,0,0,0
cg01861555,1,0,1,0,0,0
cg25446117,0,0,0,0,1,0
cg14762896,0,1,0,0,0,0
cg03613525,0,0,0,0,1,0
cg24955682,0,1,0,0,0,0
cg18469270,0,1,0,0,0,0
cg08257293,0,0,0,0,0,1
cg01381846,0,0,1,0,0,0
cg25356719,0,0,0,1,0,0
cg16590546,0,0,0,0,1,0
cg23251701,0,0,0,1,0,0
cg12859429,0,0,1,0,0,0
cg07075840,0,0,0,1,0,0
cg08001580,0,0,0,0,0,1
cg17833037,1,0,0,0,0,0
cg03157226,0,0,0,0,1,0
cg26839863,0,0,0,0,1,0
cg19715094,1,0,0,0,0,0
cg13663644,0,0,0,0,0,1
cg13363969,0,1,0,0,0,0
cg07501029,0,0,1,0,0,0
cg23333220,0,0,0,0,1,0
cg26246590,0,0,0,1,0,0
cg13977620,0,0,0,0,0,1
cg11956804,0,0,0,0,0,1
cg27498197,0,0,0,1,0,0
cg25813679,1,0,0,0,0,0
cg22291084,0,0,0,0,1,0
cg02878216,0,0,0,0,1,0
cg05270290,1,0,0,0,0,0
cg14387626,1,0,1,0,0,0
cg24577279,0,0,1,0,0,0
cg03922946,0,0,0,0,0,1
cg06331531,0,0,0,1,0,0
cg08454125,0,0,0,0,0,1
cg01445411,0,0,0,1,0,0
cg22620414,1,0,0,0,0,0
cg13887180,0,0,0,0,0,1
cg20957776,0,0,0,1,0,0
cg00146669,1,0,0,0,0,0
cg00667760,0,0,0,0,1,0
cg09354518,0,1,0,0,0,0
cg25606172,0,0,0,0,0,1
cg20001829,1,0,0,0,0,0
cg10318458,1,0,0,0,0,0
cg04273745,1,0,0,0,0,0
cg05144259,1,0,0,0,0,0
cg09210956,0,0,0,1,0,0
cg13913666,0,0,0,0,0,1
cg24880025,1,0,0,0,0,0
cg14382249,0,0,0,0,0,1
cg06996389,0,0,0,1,0,0
cg14255426,0,0,0,0,1,0
cg09773473,0,0,1,0,0,0
cg00840341,0,1,0,0,0,0
cg01188068,0,0,0,0,1,0
cg09626833,0,1,0,0,0,0
cg26674943,1,0,0,0,0,0
cg05873303,1,0,0,0,0,0
cg07252257,0,0,0,0,1,0
cg14032667,0,0,0,0,0,1
cg15576730,0,0,1,0,0,0
cg11166108,0,0,0,0,1,0
cg00510447,0,0,0,0,1,0
cg27200315,0,1,0,0,0,0
cg12655921,0,0,0,1,0,0
cg19128261,0,0,0,0,0,1
cg23364711,0,0,1,0,0,0
cg26801037,0,1,0,0,0,0
cg14383135,0,1,0,0,0,0
cg06495060,0,1,0,0,0,0
cg16953612,0,1,0,0,0,0
cg19954602,0,0,1,0,0,0
cg25481636,0,0,0,1,0,0
cg20824635,0,0,0,0,0,1
cg17853691,0,0,0,0,0,1
cg21655171,1,0,0,0,0,0
cg16723180,0,0,1,0,0,0
cg11654813,0,0,1,0,0,0
cg16172619,0,0,0,1,0,0
cg06638935,0,1,0,0,0,0
cg27090029,1,0,0,0,0,0
cg17015994,0,1,0,0,0,0
cg16578537,0,0,1,0,0,0
cg23302945,0,0,0,1,0,0
cg25303540,0,0,0,1,0,0
cg04749935,0,0,0,0,1,0
cg05364884,0,0,1,0,0,0
cg14408823,0,0,0,0,0,1
cg16320159,0,0,1,0,0,0
cg11006960,0,0,0,1,0,0
cg10281502,0,1,0,0,0,0
cg02666302,0,0,0,1,0,0
cg04436714,1,0,0,0,0,0
cg06112171,0,0,0,1,0,0
cg26464945,0,1,0,0,0,0
cg00491523,0,0,0,1,0,0
cg01145686,0,0,0,1,0,0
cg17877220,0,0,1,0,0,0
cg00870279,1,0,1,0,0,0
cg09319828,0,0,1,0,0,0
cg09048334,1,0,0,0,0,0
cg01770755,0,1,0,0,0,0
cg22959611,0,1,0,0,0,0
cg19909658,0,0,0,0,0,1
cg10313278,1,0,0,0,0,0
cg23921871,1,0,0,0,0,0
cg22513901,0,1,0,0,0,0
cg02651288,0,0,1,0,0,0
cg17202781,0,0,0,0,1,0
cg00166687,0,0,1,0,0,0
cg10291141,0,1,0,0,0,0
cg01933248,0,0,0,1,0,0
cg18817487,0,0,0,0,1,0
cg02313492,0,0,0,0,1,0
cg18160135,0,0,0,0,1,0
cg02347312,0,0,0,1,0,0
cg02741229,0,0,1,0,0,0
cg14999934,0,0,1,0,0,0
cg07264522,1,0,0,0,0,0
cg05881697,0,0,1,0,0,0
cg03757398,1,0,0,0,0,0
cg23658744,1,0,0,0,0,0
cg17945429,0,0,1,0,0,0
cg06832258,0,1,0,0,0,0
cg14459046,1,0,0,0,0,0
cg24581226,0,0,1,0,0,0
cg14186245,0,0,0,1,0,1
cg22306009,1,0,0,0,0,0
cg06422471,1,0,0,0,0,0
cg13035910,0,0,1,0,0,0
icgc_specimen_id,1,1,1,0,0,0
cg26120971,1,0,0,0,0,0
cg14994183,0,1,0,0,0,0
cg20439022,0,0,1,0,0,0
cg08467887,0,0,0,0,0,1
cg10072995,0,0,0,0,1,0
cg06220235,0,0,1,0,0,0
cg15828613,1,0,0,0,0,0
cg08568767,0,0,0,0,0,1
cg21821315,0,0,0,0,0,1
cg03205252,0,0,1,0,0,0
cg13098319,0,1,0,0,0,0
cg01017395,0,0,0,0,0,1
cg00477378,0,0,0,0,1,0
cg19905414,0,0,0,1,0,0
cg10454596,0,0,1,0,0,0
cg07501070,0,1,0,0,0,0
cg17385247,0,0,0,0,0,1
cg11983469,1,0,0,0,0,0
cg17127702,1,0,0,0,0,0
cg01057268,0,1,0,0,0,0
cg17669009,0,0,1,0,0,0
cg23985797,0,0,0,1,0,0
cg19694770,0,0,1,0,0,0
cg20064139,0,0,0,1,0,1
cg19238349,0,0,0,0,0,1
cg03372852,0,1,0,0,0,0
cg15770553,0,0,0,0,0,1
cg00803453,1,0,0,0,0,0
cg17809181,0,0,0,0,0,1
cg20455802,0,0,0,0,0,1
cg22577438,0,1,0,0,0,0
cg01097897,0,0,0,0,0,1
cg24509331,0,0,0,0,1,0
cg19720672,0,0,0,0,1,0
cg16686960,0,0,0,0,0,1
cg00414398,0,1,0,0,0,0
cg09206691,0,0,0,0,1,0
cg09239150,0,1,0,0,0,0
cg01001314,0,0,0,0,0,1
cg03039315,0,0,1,0,0,0
cg05172912,0,1,0,0,0,0
cg23042540,0,1,0,0,0,0
cg14516948,1,0,0,0,0,0
cg00920139,0,0,0,0,0,1
cg14893161,0,0,1,0,0,0
cg04211309,0,0,0,0,0,1
cg04622454,0,0,1,0,0,0
cg06186683,0,0,0,0,1,0
cg05431842,0,0,1,0,0,0
cg11660146,0,1,0,0,0,0
cg23217865,0,0,0,1,0,0
cg07605211,1,0,0,0,0,0
cg14128411,0,0,0,1,0,0
cg05280088,1,0,0,0,0,0
cg05533329,0,0,0,0,0,1
cg23346773,0,0,1,0,0,0
cg09744759,1,0,0,0,0,0
cg09623773,0,1,0,0,0,0
cg07384894,0,0,0,0,0,1
cg19135406,0,0,1,0,0,0
cg08924203,1,0,0,0,0,0
cg20692730,0,0,0,0,0,1
cg06719487,1,0,0,0,0,0
cg16693612,0,1,0,0,0,0
cg07203767,0,1,0,0,0,0
cg06770163,0,1,0,0,0,0
cg18784113,0,0,1,0,0,0
cg14025373,0,0,0,0,0,1
cg16498741,0,1,0,0,0,0
cg27182150,0,0,0,1,0,0
cg20686918,0,0,0,1,0,0
cg20345923,0,0,0,1,0,0
cg07125905,0,0,1,0,0,0
cg06639538,0,1,0,0,0,0
cg26356169,0,0,1,0,0,0
cg12164232,1,0,1,0,0,0
cg24809640,0,1,0,0,0,0
cg00983485,0,0,0,0,1,0
cg13631259,0,0,0,0,1,0
cg13219409,1,0,0,0,0,0
cg18388431,1,0,0,0,0,0
cg03983740,0,0,0,1,0,0
cg04730365,0,0,1,0,0,0
cg18823499,0,0,0,1,0,0
cg15427004,1,0,0,0,0,0
cg21142743,1,0,1,0,0,0
cg23944920,0,0,0,1,0,0
cg22409504,0,0,0,0,0,1
cg20328167,0,0,1,0,0,0
cg22547775,0,0,0,1,0,0
cg12800698,0,1,0,0,0,0
cg07215571,0,0,0,1,0,0
cg17967224,0,0,1,0,0,0
cg21149811,0,0,0,1,0,0
cg16624272,0,0,0,0,1,0
cg16264722,1,0,0,0,0,0
cg02608963,0,0,1,0,0,0
cg26006084,0,0,0,0,0,1
cg13974464,1,0,0,0,0,0
cg10247405,0,0,0,1,0,0
cg15780578,0,0,0,0,1,0
cg04105342,0,0,1,0,0,0
cg12551394,1,0,0,0,0,0
cg22663467,0,0,0,1,0,0
cg06815826,0,0,0,0,0,1
cg02473237,0,0,0,0,0,1
cg27457631,0,0,0,1,0,0
cg15985470,0,0,0,0,1,0
cg04779473,0,0,0,0,0,1
cg01604429,0,1,0,0,0,0
cg20575856,0,1,0,0,0,0
cg07125112,0,0,0,1,0,1
cg03316587,0,1,0,0,0,0
cg16032841,0,1,0,0,0,0
cg03953257,0,0,0,0,1,0
cg20040972,0,0,0,1,0,0
cg18073240,0,1,0,0,0,0
cg09337427,0,0,0,1,0,0
cg26589753,0,1,0,0,0,0
cg26211041,0,0,0,1,0,0
cg00685314,0,0,0,1,0,1
cg27044861,0,0,0,1,0,0
cg16901566,0,0,0,1,0,1
cg20587968,0,1,0,0,0,0
cg04708216,1,0,0,0,0,0
cg05953020,0,0,0,0,1,0
cg10013645,1,0,0,0,0,0
cg04411625,1,0,0,0,0,0
cg14871010,0,0,0,0,0,1
cg12033483,0,0,1,0,0,0
cg25161029,0,0,0,0,0,1
cg13757735,0,0,1,0,0,0
cg02973156,0,0,0,1,0,0
cg11485704,0,0,0,0,1,0
cg08933467,0,0,0,1,0,0
cg06118588,0,1,0,0,0,0
cg19937480,0,0,0,0,1,0
cg22082868,0,1,0,0,0,0
cg23496571,0,0,0,1,0,0
cg19944463,0,1,0,0,0,0
cg26027526,1,0,0,0,0,0
cg11400946,0,0,1,0,0,0
cg14860438,0,0,1,0,0,0
cg24472495,0,0,0,1,0,0
cg26900458,0,0,0,0,1,0
cg27510354,0,0,0,1,0,0
cg03784611,0,0,0,0,0,1
cg15694715,1,0,0,0,0,0
cg18870413,0,0,0,0,1,0
cg02555944,0,1,0,0,0,0
cg25161912,0,0,1,0,0,0
cg19115280,0,0,0,0,0,1
cg05787952,1,0,0,0,0,0
cg19787532,0,0,1,0,0,0
cg11072298,0,0,0,0,1,0
cg15103584,0,1,0,0,0,0
cg03893913,0,0,0,1,0,0
cg07376374,0,0,0,1,0,0
cg09706801,0,0,1,0,0,0
cg26313319,0,0,0,0,0,1
cg10250660,0,1,0,0,0,0
cg19354579,1,0,0,0,0,0
cg05853782,0,0,0,1,0,0
cg01291875,0,0,1,0,0,0
cg03252313,0,0,1,0,0,0
cg15125472,1,0,0,0,0,0
cg04389328,0,0,1,0,0,0
cg21179255,0,0,0,0,0,1
cg05880324,0,0,0,0,1,0
cg19078334,0,0,0,0,1,0
cg02440744,1,0,0,0,0,0
cg03478398,1,0,0,0,0,0
cg24596008,1,0,0,0,0,0
cg13765206,1,0,0,0,0,0
cg07877987,0,0,0,1,0,0
cg19407717,0,0,0,1,0,1
cg08566882,0,1,0,0,0,0
cg01015769,0,0,0,1,0,0
cg02289189,0,0,0,0,1,0
cg02105481,0,1,0,0,0,0
cg03256955,0,0,0,0,1,0
cg08861369,1,0,0,0,0,0
cg08440934,0,1,0,0,0,0
cg27448426,1,0,0,0,0,0
cg22645961,0,1,0,0,0,0
cg17273588,0,0,0,0,0,1
cg14565265,1,0,0,0,0,0
cg18947175,0,0,1,0,0,0
cg11564601,1,0,0,0,0,0
cg15401952,1,0,0,0,0,0
cg13105766,1,0,0,0,0,0
cg02579668,0,0,0,0,0,1
cg01462537,0,0,0,0,0,1
cg26227569,0,1,0,0,0,0
cg01907761,0,1,0,0,0,0
cg14503464,0,0,0,1,0,0
cg16720675,0,0,0,0,1,0
cg21187669,0,0,0,0,0,1
cg08225389,0,0,0,0,0,1
cg01194279,0,0,0,1,0,0
cg08436104,1,0,0,0,0,0
cg19130824,0,0,0,0,0,1
cg07178994,0,1,0,0,0,0
cg06562014,0,0,0,1,0,0
cg01662942,1,0,0,0,0,0
cg05740418,1,0,0,0,0,0
cg26333638,0,0,0,0,1,0
cg25493276,0,0,0,1,0,0
cg19525780,1,0,0,0,0,0
cg04198941,0,1,0,0,0,0
cg16897193,1,0,0,0,0,0
cg22330924,0,0,0,1,0,0
cg11021849,0,0,0,0,1,0
cg14290451,0,0,0,0,1,0
cg15901722,0,0,0,0,1,0
cg26017880,1,0,0,0,0,0
cg13326926,0,0,0,0,1,0
cg14685946,0,0,0,0,0,1
cg13460409,0,0,1,0,0,0
cg20126521,0,0,0,0,1,0
cg08328777,1,0,0,0,0,0
cg01308151,1,0,0,0,0,0
cg15067713,0,0,0,0,0,1
cg19658829,0,0,0,0,1,0
cg07787851,0,0,1,0,0,0
cg17423597,0,0,0,1,0,0
cg17107617,0,0,0,0,0,1
cg13528570,1,0,0,0,0,0
cg24505863,0,1,0,0,0,0
cg12666263,1,0,0,0,0,0
cg05528516,0,0,0,0,0,1
cg10269561,1,0,0,0,0,0
cg04244985,0,1,0,0,0,0
cg04598095,0,1,0,0,0,0
cg19801747,0,0,0,0,1,0
cg15933935,0,0,0,0,1,0
cg03628148,0,0,0,0,1,0
cg14935163,0,0,0,1,0,0
cg13941508,0,0,1,0,0,0
cg05419096,0,0,0,1,0,0
cg13628146,0,0,0,0,1,0
cg18096251,0,0,0,0,0,1
cg01703581,1,0,0,0,0,0
cg24579604,0,0,0,1,0,0
cg16822540,0,0,1,0,0,0
cg00112367,0,0,1,0,0,0
cg18524114,0,0,0,1,0,0
cg19857633,0,0,0,0,1,0
cg03951877,0,1,0,0,0,0
ch.12.1019410F,0,0,0,0,1,0
cg01138671,0,0,1,0,0,0
cg18419694,0,0,0,0,1,0
cg16514513,1,0,0,0,0,0
cg17163967,1,0,1,0,0,0
cg18892537,0,0,0,0,1,0
cg26891329,0,0,0,0,1,0
cg13973124,0,0,0,1,0,0
cg01522335,1,0,0,0,0,0
cg24219671,0,0,0,0,0,1
cg19290455,0,0,0,1,0,0
cg03854262,0,0,0,0,1,0
cg18337363,0,0,0,0,0,1
cg21139209,0,0,0,0,1,0
cg11221228,0,1,0,0,0,0
cg15449391,0,0,0,1,0,0
cg16058274,0,0,0,0,0,1
cg08709333,0,0,0,0,0,1
cg00730373,1,0,0,0,0,0
cg17519749,0,0,0,0,0,1
cg01586851,0,1,0,0,0,0
cg22626041,0,0,0,0,1,0
cg23537659,0,0,0,1,0,0
cg24290756,0,1,0,0,0,0
cg22799420,0,0,1,0,0,0
cg10118717,0,0,0,1,0,0
cg00187437,0,0,1,0,0,0
cg11316887,0,0,0,1,0,0
cg08341667,1,0,0,0,0,0
cg03962809,0,0,0,0,1,0
cg06967703,0,0,0,0,1,0
cg10775195,1,0,0,0,0,0
cg25650661,0,0,1,0,0,0
cg05537653,1,0,0,0,0,0
cg27664687,0,0,0,0,0,1
cg10832108,0,0,1,0,0,0
cg05694250,0,0,0,0,0,1
cg15855336,0,1,0,0,0,0
cg02081938,0,1,0,0,0,0
cg00476608,0,0,0,0,0,1
cg26572354,0,0,1,0,0,0
cg25008147,0,0,0,1,0,0
cg23268197,0,0,1,0,0,0
cg04189149,0,1,0,0,0,0
cg12294026,1,0,0,0,0,0
cg07475178,1,0,0,0,0,0
cg05461259,0,0,1,0,0,0
cg12221580,0,0,0,1,0,0
cg18925864,0,0,0,0,1,0
cg18974111,0,1,0,0,0,0
cg26873164,0,1,0,0,0,0
cg00424152,0,0,1,0,0,0
cg24392577,0,0,1,0,0,0
cg23760300,0,0,1,0,0,0
cg22128918,1,0,0,0,0,0
cg03129324,0,1,0,0,0,0
cg04311653,0,0,0,1,0,0
cg20649298,0,0,0,1,0,0
cg01319892,0,1,0,0,0,0
cg01098955,0,0,0,1,0,0
cg24442454,0,0,1,0,0,0
cg27363617,0,0,0,0,0,1
cg20679626,0,0,0,1,0,0
cg23882019,1,0,0,0,0,0
cg17156855,0,0,0,0,1,0
cg13624833,0,1,0,0,0,0
cg23269663,0,0,0,0,1,0
cg18398551,0,0,1,0,0,0
cg00689010,1,0,0,0,0,0
cg17609057,0,0,1,0,0,0
cg27212232,0,1,0,0,0,0
cg17850597,1,0,0,0,0,0
cg00420808,0,0,1,0,0,0
cg03651613,1,0,0,0,0,0
cg26603524,0,0,0,0,1,0
cg00807871,1,0,0,0,0,0
cg05105919,0,0,1,0,0,0
cg06239037,0,0,0,0,1,0
cg24004532,1,0,0,0,0,0
cg15030449,0,0,0,0,1,0
cg26317555,0,0,1,0,0,0
cg08582801,0,1,0,0,0,0
cg10731192,0,0,0,0,1,0
cg02421734,0,1,0,0,0,0
cg03365548,0,0,1,0,0,0
cg27114120,0,0,1,0,0,0
cg20828284,1,0,0,0,0,0
cg24303062,1,0,0,0,0,0
cg15914335,0,0,0,1,0,0
cg26687072,0,0,0,0,1,0
cg24258013,0,0,0,0,1,0
cg10982913,1,0,1,0,0,0
cg03158772,0,0,0,0,0,1
cg25341032,0,0,1,0,0,0
cg06030649,0,0,0,0,1,0
cg15999609,0,1,0,0,0,0
cg14583825,0,1,0,0,0,0
cg19477190,1,0,1,0,0,0
cg21072251,0,0,0,1,0,0
cg02418439,1,0,0,0,0,0
cg14770633,0,1,0,0,0,0
cg18965989,1,0,0,0,0,0
cg09882550,0,1,0,0,0,0
cg02743569,0,0,0,1,0,0
cg20429911,0,0,0,0,1,0
cg06173509,0,0,0,1,0,0
cg27483317,0,1,0,0,0,0
cg03888083,0,0,1,0,0,0
cg19369556,0,0,1,0,0,0
cg22929235,1,0,0,0,0,0
cg00675891,0,0,0,1,0,0
cg05865866,1,0,0,0,0,0
cg06552160,0,0,0,1,0,0
cg08481002,0,1,0,0,0,0
cg26971330,0,0,0,0,1,0
cg19479935,0,0,0,1,0,0
cg14166284,1,0,0,0,0,0
cg27143872,0,0,1,0,0,0
cg05181941,0,0,0,0,0,1
cg06182099,0,0,0,0,0,1
cg16411883,0,0,0,0,1,0
cg11743259,0,0,0,0,1,0
cg07648709,0,0,0,0,0,1
cg11951169,0,0,1,0,0,0
cg25545323,0,0,0,1,0,0
cg10500909,0,1,0,0,0,0
cg17149431,0,0,0,0,1,0
cg18184107,0,0,0,0,1,0
cg00590029,0,0,1,0,0,0
cg15020206,0,0,0,1,0,0
cg12336999,0,0,0,0,1,0
cg21845080,0,0,0,0,0,1
cg14531782,1,0,0,0,0,0
cg24922596,1,0,0,0,0,0
cg14159672,0,0,1,0,0,0
cg00062020,0,0,1,0,0,0
cg17924044,0,0,0,1,0,1
cg25754926,1,0,0,0,0,0
cg01735083,0,0,0,1,0,0
cg23619936,0,0,0,1,0,0
cg12197752,1,0,0,0,0,0
cg04972947,0,0,1,0,0,0
cg11908570,0,0,0,0,1,0
cg01093028,0,0,0,0,0,1
cg00155593,0,0,0,0,1,0
cg23041109,0,0,1,0,0,0
cg12582003,1,0,0,0,0,0
cg13719746,1,0,0,0,0,0
cg09766556,0,0,0,1,0,0
cg10211776,0,0,0,0,0,1
cg06432426,0,0,0,1,0,0
cg19283928,0,1,0,0,0,0
cg02264943,0,1,0,0,0,0
cg07383130,1,0,0,0,0,0
cg09062961,0,0,0,1,0,0
cg09360824,0,0,0,1,0,0
cg24039019,0,0,0,0,1,0
cg04322429,0,0,1,0,0,0
cg25727019,1,0,0,0,0,0
cg19746754,0,0,0,1,0,0
cg03724896,0,0,0,1,0,0
cg11199751,0,0,0,1,0,0
cg24145210,0,0,0,0,1,0
cg13054358,1,0,0,0,0,0
cg13367647,1,0,0,0,0,0
cg12429629,0,0,1,0,0,0
cg27486743,1,0,0,0,0,0
cg23665147,1,0,0,0,0,0
cg08216099,0,0,0,0,0,1
cg12972290,0,1,0,0,0,0
cg21239227,0,0,0,0,0,1
cg25599573,0,1,0,0,0,0
cg07898582,0,0,0,1,0,0
cg05830141,1,0,0,0,0,0
cg15285733,0,0,1,0,0,0
cg01534758,1,0,0,0,0,0
cg25830696,1,0,0,0,0,0
cg24870846,0,0,0,0,1,0
cg21350100,0,1,0,0,0,0
cg27083089,0,0,1,0,0,0
cg16471877,0,0,1,0,0,0
cg16341836,0,0,0,1,0,0
cg20697984,0,1,0,0,0,0
cg08534181,0,1,0,0,0,0
cg10325383,0,0,0,1,0,0
cg07059629,0,1,0,0,0,0
cg19329389,0,0,0,0,1,0
cg14157213,0,0,0,0,0,1
cg04388226,0,0,0,1,0,0
cg05787063,0,0,0,0,0,1
cg27376810,1,0,0,0,0,0
cg18478353,0,0,0,0,0,1
cg16182932,0,1,0,0,0,0
cg05298224,1,0,0,0,0,0
cg15056556,1,0,0,0,0,0
cg04722059,0,1,0,0,0,0
cg04889688,0,1,0,0,0,0
cg07751463,1,0,0,0,0,0
cg01079658,0,0,1,0,0,0
cg22095650,0,0,1,0,0,0
cg08205236,0,0,1,0,0,0
cg15706621,0,0,0,0,0,1
cg10782139,0,1,0,0,0,0
cg26741667,0,0,0,0,1,0
cg02639927,0,0,1,0,0,0
cg20699305,1,0,0,0,0,0
cg04234597,0,0,0,1,0,0
cg23177714,0,1,0,0,0,0
cg19978669,0,0,0,0,1,0
cg10872445,1,0,0,0,0,0
cg26789064,0,0,0,1,0,0
cg04259687,0,1,0,0,0,0
cg17142722,1,0,0,0,0,0
cg04603812,0,0,0,0,1,0
cg08143561,0,0,1,0,0,0
cg06629999,0,1,0,0,0,0
cg08854560,0,0,0,0,1,0
cg03654169,0,0,0,0,0,1
cg26764980,0,0,0,0,1,0
cg07158434,1,0,0,0,0,0
cg13361920,0,0,1,0,0,0
cg02805871,0,1,0,0,0,0
cg10579818,0,1,0,0,0,0
cg19784449,0,0,1,0,0,0
cg07930673,0,0,0,1,0,0
cg18488745,0,0,0,0,1,0
cg08532569,1,0,1,0,0,0
cg24505618,1,0,0,0,0,0
cg24968283,1,0,0,0,0,0
cg21538216,0,1,0,0,0,0
cg06614284,0,0,0,0,0,1
cg18472787,1,0,0,0,0,0
cg21319693,0,0,0,0,1,0
cg09406615,1,0,0,0,0,0
cg10855276,0,0,0,1,0,0
cg01457653,0,0,0,0,1,0
cg18034742,0,0,0,1,0,0
cg15627031,0,0,0,0,1,0
cg15408734,0,0,0,0,1,0
cg10822582,0,0,1,0,0,0
cg22423750,0,0,0,1,0,0
cg13258831,0,0,0,1,0,1
cg18753619,0,1,0,0,0,0
cg10044466,0,0,0,0,1,0
cg05246251,0,0,0,1,0,0
cg21139076,0,0,0,0,1,0
cg27295716,0,0,1,0,0,0
cg16664405,0,0,0,1,0,0
cg02360980,0,0,0,1,0,0
cg08592733,0,0,0,0,1,0
cg15975171,0,0,0,0,0,1
cg13980308,0,0,0,0,1,0
cg15769756,0,0,0,1,0,0
cg25508118,0,0,0,0,1,0
cg12590535,0,0,0,0,0,1
cg25440131,1,0,0,0,0,0
cg22268271,1,0,0,0,0,0
cg12894371,0,0,1,0,0,0
cg01558916,0,0,0,0,0,1
cg10732611,0,0,0,0,0,1
cg27497038,0,1,0,0,0,0
cg06570931,0,1,0,0,0,0
cg07621239,0,0,0,0,0,1
cg00256767,0,1,0,0,0,0
cg18875975,0,0,0,1,0,0
cg07033549,0,0,0,0,0,1
cg01229943,0,0,0,0,0,1
cg17772793,0,0,0,1,0,0
cg03238090,0,0,1,0,0,0
cg10759936,0,0,0,0,0,1
cg25706012,1,0,0,0,0,0
cg08327371,0,1,0,0,0,0
cg00905746,0,0,0,1,0,0
cg10525642,0,0,0,0,0,1
cg25127692,0,0,0,0,0,1
ch.8.253600F,0,0,1,0,0,0
cg22455795,0,0,0,0,1,0
cg04454285,0,0,1,0,0,0
cg11697660,0,0,0,1,0,0
cg19275978,0,1,0,0,0,0
cg05297677,0,1,0,0,0,0
cg13831106,0,0,0,1,0,0
cg25494992,0,0,1,0,0,0
cg25004840,0,0,0,0,0,1
cg13155114,0,0,0,0,1,0
cg00106989,0,0,1,0,0,0
cg23247945,0,0,0,1,0,0
cg13411311,0,1,0,0,0,0
cg11809107,0,0,0,0,1,0
cg01573732,0,0,0,0,1,0
cg19930057,0,0,0,0,1,0
cg01883662,0,0,0,0,0,1
cg12562232,1,0,0,0,0,0
cg25969123,0,0,1,0,0,0
cg06460888,0,0,0,1,0,0
cg21778810,0,1,0,0,0,0
cg11711057,0,0,0,0,0,1
cg04814352,0,0,0,0,0,1
cg03799530,0,0,0,0,1,0
cg16688583,0,0,0,1,0,0
cg21069434,0,0,0,1,0,0
cg17978367,1,0,0,0,0,0
cg21410293,1,0,0,0,0,0
cg26233914,0,1,0,0,0,0
cg19708576,0,0,0,0,1,0
cg07398767,0,0,1,0,0,0
cg11685843,1,0,0,0,0,0
cg05449136,0,0,1,0,0,0
cg23239637,0,0,0,1,0,0
cg08081036,0,0,0,0,1,0
cg01023778,0,0,0,0,1,0
cg17131435,0,0,0,0,1,0
cg23054925,0,0,0,0,1,0
cg26057765,0,0,0,0,0,1
cg23385492,0,1,0,0,0,0
cg22335847,0,0,0,0,0,1
cg11801159,0,0,1,0,0,0
cg01173650,0,0,0,0,0,1
cg23732024,0,0,1,0,0,0
cg27032813,0,0,0,0,0,1
cg25336892,0,0,0,0,0,1
cg12314335,0,0,0,0,0,1
cg16454902,0,1,0,0,0,0
cg02334187,0,0,0,0,1,0
cg22809626,0,0,0,0,1,0
cg16278514,0,0,0,1,0,0
cg25296236,0,0,0,0,1,0
cg07230786,0,0,0,0,0,1
cg04456892,0,1,0,0,0,0
cg02460141,0,0,1,0,0,0
cg03214297,0,0,0,0,1,0
cg06534313,0,0,1,0,0,0
cg16558319,0,0,0,0,1,0
cg06375148,0,0,1,0,0,0
cg17780098,0,0,0,0,1,0
cg02443967,0,0,1,0,0,0
cg14524643,0,0,0,0,0,1
cg03611060,1,0,0,0,0,0
cg04335207,0,1,0,0,0,0
cg06497198,0,1,0,0,0,0
cg24222995,0,1,0,0,0,0
cg09228949,0,1,0,0,0,0
cg06909469,0,0,1,0,0,0
cg04777726,0,0,1,0,0,0
cg14732248,0,1,0,0,0,0
cg00552087,0,0,0,1,0,0
cg15065821,0,0,0,0,0,1
cg26076948,0,0,0,1,0,0
cg09309085,0,0,0,1,0,0
cg09586198,1,0,0,0,0,0
cg22584335,1,0,0,0,0,0
cg23194295,0,0,0,0,0,1
cg07402724,0,1,0,0,0,0
cg26912251,0,0,0,1,0,0
cg14152974,0,0,0,0,0,1
cg00770317,0,1,0,0,0,0
cg02507726,0,0,1,0,0,0
cg19025573,0,0,0,1,0,0
cg21765032,0,0,0,0,0,1
cg02900253,1,0,0,0,0,0
cg04083712,0,0,1,0,0,0
cg06085713,0,0,0,0,1,0
cg03200676,1,0,0,0,0,0
cg18858676,0,1,0,0,0,0
cg19033555,0,0,0,1,0,1
cg15252768,0,0,0,1,0,0
cg27426921,0,0,0,1,0,0
cg23724117,0,0,0,0,1,0
cg09304272,0,0,0,0,1,0
cg09839204,0,0,0,0,0,1
cg19854704,0,0,0,0,0,1
cg09136346,0,1,0,0,0,0
cg26233230,0,0,1,0,0,0
cg15521790,0,0,0,1,0,1
cg00218742,0,0,0,0,1,0
cg00351635,0,0,0,1,0,0
cg14440947,0,0,0,0,1,0
cg16159925,0,0,0,1,0,0
cg00173854,1,0,0,0,0,0
cg06732976,0,0,1,0,0,0
cg08798148,1,0,0,0,0,0
cg07657658,0,0,0,1,0,0
cg24631102,0,0,0,0,0,1
cg22708944,0,0,0,0,0,1
cg15270950,0,0,0,0,1,0
cg24579218,0,1,0,0,0,0
cg06455686,0,0,0,1,0,1
cg07717903,0,0,1,0,0,0
cg00778993,0,0,0,1,0,1
cg24838949,0,0,0,1,0,0
cg15142042,0,0,0,1,0,0
cg19508701,0,0,0,0,1,0
cg13217590,0,0,1,0,0,0
cg12366895,0,1,0,0,0,0
cg19082559,0,0,0,0,0,1
cg03651478,0,0,0,0,1,0
cg02109405,0,0,1,0,0,0
cg00075956,0,0,0,1,0,1
cg18453481,0,0,1,0,0,0
cg07589531,1,0,0,0,0,0
cg24979161,0,0,0,0,0,1
cg23475993,1,0,0,0,0,0
cg21861174,1,0,0,0,0,0
cg15602841,0,0,0,0,1,0
cg12944530,0,0,0,0,1,0
cg17601658,0,1,0,0,0,0
cg17016703,0,1,0,0,0,0
cg27604145,0,0,0,1,0,1
cg03763769,0,1,0,0,0,0
cg26705764,0,1,0,0,0,0
cg15112369,0,1,0,0,0,0
cg08548559,0,0,1,0,0,0
cg07089660,0,0,0,1,0,0
cg25001305,0,1,0,0,0,0
cg21090033,0,0,0,0,0,1
cg24607755,0,0,0,0,1,0
cg04080091,1,0,0,0,0,0
cg12592365,0,0,0,0,0,1
cg03304718,0,0,0,1,0,0
cg07166333,1,0,0,0,0,0
cg25812683,0,0,0,1,0,0
cg08883213,0,0,1,0,0,0
cg02386822,0,0,1,0,0,0
cg11523905,0,1,0,0,0,0
cg00227110,0,1,0,0,0,0
cg07167872,0,0,1,0,0,0
cg27004243,0,1,0,0,0,0
cg26586942,0,0,1,0,0,0
cg06743811,0,0,0,0,0,1
cg25471956,0,0,0,0,1,0
cg19219920,0,0,0,0,1,0
cg05454635,0,0,1,0,0,0
cg08457232,1,0,0,0,0,0
cg26015683,0,0,0,0,1,0
cg21236153,0,0,0,0,0,1
cg07227743,1,0,0,0,0,0
cg04368843,0,0,0,0,0,1
cg03253489,0,0,0,1,0,0
cg15476396,0,0,0,0,0,1
cg14420953,0,0,0,0,0,1
cg12024887,1,0,0,0,0,0
cg14509895,0,0,0,0,1,0
cg12304663,0,0,0,1,0,0
cg04212239,0,0,0,0,1,0
cg15986590,0,0,0,0,1,0
cg21962907,0,0,0,1,0,1
cg12255995,0,0,1,0,0,0
cg24115019,0,0,0,0,0,1
cg26651514,0,0,1,0,0,0
cg01012445,1,0,0,0,0,0
cg07791803,0,1,0,0,0,0
cg18204321,0,0,0,0,1,0
cg14826215,0,0,0,0,1,0
cg24254317,0,0,0,1,0,0
cg11454459,0,0,0,0,0,1
cg20487548,0,0,0,0,0,1
cg08077345,0,0,1,0,0,0
cg05411132,1,0,0,0,0,0
cg13292777,0,1,0,0,0,0
cg03076771,0,1,0,0,0,0
cg17549927,0,1,0,0,0,0
cg14236602,1,0,0,0,0,0
cg11965913,0,0,1,0,0,0
cg12713893,0,0,0,0,1,0
cg04070533,0,1,0,0,0,0
cg14234898,0,1,0,0,0,0
cg02132760,0,0,0,0,1,0
cg12340343,0,0,0,1,0,1
cg02142657,0,0,0,0,1,0
cg20817363,0,1,0,0,0,0
cg13984330,0,0,1,0,0,0
cg05240350,0,0,0,0,0,1
cg02927679,0,0,0,0,0,1
cg22163445,0,0,0,0,1,0
cg05048159,0,1,0,0,0,0
cg17233819,0,0,0,0,0,1
cg17352109,0,1,0,0,0,0
cg22932220,0,0,0,0,1,0
cg23122263,0,0,0,0,1,0
cg15155568,0,1,0,0,0,0
cg13995516,1,0,0,0,0,0
cg23405696,1,0,0,0,0,0
cg15135773,0,0,0,1,0,0
cg10815165,0,1,0,0,0,0
cg00148114,0,0,1,0,0,0
cg08905114,0,0,0,0,1,0
cg07702853,1,0,0,0,0,0
cg02478708,0,0,0,1,0,0
cg06828335,0,0,0,0,0,1
cg08818385,0,1,0,0,0,0
cg26990023,0,0,0,1,0,0
cg07678010,1,0,0,0,0,0
cg01184520,1,0,0,0,0,0
cg23220823,0,0,0,0,1,0
cg07352594,0,0,0,0,1,0
cg02878382,0,1,0,0,0,0
cg16488065,0,0,0,0,0,1
cg04736453,0,0,1,0,0,0
cg23250262,0,1,0,0,0,0
cg18115693,0,0,1,0,0,0
cg25132241,0,0,1,0,0,0
cg19856263,0,0,0,1,0,0
cg00960580,1,0,0,0,0,0
cg01722343,0,0,0,0,1,0
cg24860169,0,0,0,0,0,1
cg24595261,1,0,0,0,0,0
cg04622480,0,0,0,0,0,1
cg13213755,0,0,0,1,0,0
cg26146988,0,0,0,0,0,1
cg16221841,0,0,0,0,1,0
cg14241138,1,0,0,0,0,0
cg14434242,0,0,1,0,0,0
cg04451353,0,1,0,0,0,0
cg20195987,0,0,0,0,1,0
cg16353615,0,0,0,1,0,0
cg26606257,0,0,0,1,0,0
cg14073571,0,0,1,0,0,0
cg25741810,0,0,0,0,0,1
cg11942059,0,0,1,0,0,0
cg06233497,1,0,0,0,0,0
cg15663948,0,1,0,0,0,0
cg07887608,0,0,0,0,0,1
cg08377768,1,0,0,0,0,0
cg23426816,0,0,0,0,1,0
cg23225103,0,0,0,0,0,1
cg19631876,0,0,0,0,0,1
cg15395148,0,0,0,0,1,0
cg06476438,0,0,0,0,0,1
cg08564601,0,0,1,0,0,0
cg00686823,1,0,0,0,0,0
cg08832266,0,1,0,0,0,0
cg21711862,0,0,0,1,0,0
cg06020182,0,0,0,1,0,0
cg22677556,0,1,0,0,0,0
cg00486358,0,0,0,0,0,1
cg08604594,0,0,0,0,1,0
cg20596629,0,0,0,1,0,0
cg19086858,0,0,1,0,0,0
cg05366204,0,0,0,0,1,0
cg09851528,0,0,0,0,1,0
cg14021478,0,0,0,0,0,1
cg25601879,0,0,0,0,0,1
cg06083652,0,1,0,0,0,0
cg13661012,0,0,0,1,0,0
cg25705266,0,0,0,0,0,1
cg19802477,0,0,1,0,0,0
cg13778336,0,0,0,0,0,1
cg10805856,0,0,1,0,0,0
cg00013655,0,0,1,0,0,0
cg25601713,0,0,1,0,0,0
cg00278984,1,0,0,0,0,0
cg13630114,0,0,0,0,0,1
cg14802502,0,0,0,0,0,1
cg08817983,0,0,1,0,0,0
cg08264481,0,1,0,0,0,0
cg12233379,0,1,0,0,0,0
cg25997426,0,0,0,0,1,0
cg04279695,0,0,0,0,1,0
cg16401270,1,0,1,0,0,0
cg02872693,0,0,0,0,0,1
cg07484673,0,0,1,0,0,0
cg01198434,0,0,0,0,1,0
cg06984903,0,0,1,0,0,0
cg12907138,1,0,0,0,0,0
cg06502680,1,0,0,0,0,0
cg19771975,0,1,0,0,0,0
cg12471950,0,0,0,0,1,0
cg09363443,0,1,0,0,0,0
cg07134266,0,0,0,1,0,0
cg21806273,0,0,1,0,0,0
cg16338877,1,0,1,0,0,0
cg01308913,1,0,0,0,0,0
cg08875433,0,0,1,0,0,0
cg11683364,0,0,0,1,0,0
cg18886062,1,0,0,0,0,0
cg16765387,0,1,0,0,0,0
cg03524243,0,1,0,0,0,0
cg27136344,0,0,1,0,0,0
cg20544410,1,0,0,0,0,0
cg27109614,0,0,0,0,1,0
cg00638073,0,0,0,0,0,1
cg09157251,0,0,1,0,0,0
cg17598923,0,0,1,0,0,0
cg17753475,1,0,0,0,0,0
cg09372546,1,0,0,0,0,0
cg10704680,0,0,0,1,0,0
cg24522654,0,0,0,0,0,1
cg03322779,0,1,0,0,0,0
cg17364487,0,1,0,0,0,0
cg07086380,0,0,1,0,0,0
cg19935097,0,0,1,0,0,0
cg15696460,0,0,0,1,0,1
cg05417099,0,0,0,1,0,0
cg24503407,0,0,1,0,0,0
cg15825510,0,0,0,0,0,1
cg18507732,0,0,1,0,0,0
cg11476737,0,0,0,0,0,1
cg14478255,0,0,0,0,0,1
cg25538881,0,0,0,0,0,1
cg08645400,0,1,0,0,0,0
cg26491818,0,0,0,1,0,0
cg20143985,0,0,0,0,0,1
cg03573168,0,0,0,0,0,1
cg20442232,0,0,1,0,0,0
cg16155655,0,1,0,0,0,0
cg15834355,0,0,0,0,1,0
cg17295864,0,0,0,0,1,0
cg04021672,0,0,0,0,0,1
cg09150232,0,1,0,0,0,0
cg12130607,0,0,0,1,0,1
cg14022550,0,0,0,0,1,0
cg06840930,0,0,0,0,0,1
cg03108070,0,0,1,0,0,0
cg00621240,0,1,0,0,0,0
cg09117405,0,1,0,0,0,0
cg22089890,0,1,0,0,0,0
cg23691220,0,0,0,0,1,0
cg02304427,0,0,0,0,1,0
cg13134763,0,0,0,1,0,0
cg19086455,0,0,0,0,1,0
cg20727728,0,0,0,0,1,0
cg02401556,0,0,1,0,0,0
cg02415125,0,0,0,0,0,1
cg08727443,1,0,0,0,0,0
cg19888787,0,0,0,0,1,0
cg14696820,0,1,0,0,0,0
cg23747675,0,0,0,1,0,0
cg13284614,0,0,0,0,0,1
cg10515956,0,0,0,0,1,0
cg00306090,0,1,0,0,0,0
cg19718306,1,0,0,0,0,0
cg11138227,0,0,1,0,0,0
cg12478978,0,0,0,0,1,0
cg10081681,0,0,1,0,0,0
cg06716402,0,0,1,0,0,0
cg04013994,0,0,0,1,0,0
cg10312211,1,0,0,0,0,0
cg26114392,1,0,0,0,0,0
cg02363934,0,0,1,0,0,0
cg00155314,0,0,1,0,0,0
cg13248004,0,1,0,0,0,0
cg16881960,0,0,0,0,0,1
cg03191504,0,0,0,0,0,1
cg15238325,1,0,0,0,0,0
cg04307083,0,0,1,0,0,0
cg17831440,0,0,0,1,0,1
cg19929355,0,1,0,0,0,0
cg17316966,0,0,0,0,0,1
cg15618210,0,1,0,0,0,0
cg11453400,0,0,1,0,0,0
cg10366053,0,0,0,1,0,0
cg03034634,0,0,1,0,0,0
cg02274500,0,0,0,0,1,0
cg14501638,0,0,0,0,0,1
cg08281123,0,0,0,1,0,0
cg23412778,0,0,0,0,0,1
cg01756660,0,0,0,0,1,0
cg17206604,0,0,0,0,0,1
cg19212949,0,0,0,1,0,0
cg16127145,1,0,0,0,0,0
cg14114282,0,0,0,1,0,0
cg23288521,0,0,0,0,1,0
cg09926486,0,0,0,1,0,1
cg02365780,0,0,1,0,0,0
cg15374435,0,0,0,1,0,0
cg08795535,0,0,0,0,0,1
cg24202916,0,0,0,1,0,0
cg05300538,1,0,0,0,0,0
cg20640305,0,0,0,0,1,0
cg00572356,0,0,0,0,1,0
cg00981060,0,0,0,0,0,1
cg09874600,0,0,0,0,1,0
cg14548380,1,0,0,0,0,0
cg06302803,0,0,0,0,1,0
cg19345277,0,0,0,1,0,0
cg03501596,0,0,0,0,1,0
cg13980799,1,0,0,0,0,0
cg24882097,0,0,0,0,1,0
cg15780888,0,0,0,0,1,0
cg25214376,0,0,0,0,0,1
cg10249213,1,0,0,0,0,0
cg23315892,0,0,0,0,0,1
cg23351327,0,1,0,0,0,0
cg21209395,0,0,1,0,0,0
cg17856610,0,0,0,0,1,0
cg00040862,0,0,0,1,0,0
cg14972143,0,0,0,0,1,0
cg21635953,0,0,0,0,1,0
cg24425838,0,1,0,0,0,0
cg14313275,1,0,0,0,0,0
cg13991953,0,0,0,0,1,0
cg26551688,0,0,0,0,1,0
cg07423997,0,0,0,0,0,1
cg05597008,0,0,0,0,1,0
cg04113418,1,0,0,0,0,0
cg16803509,0,0,0,0,0,1
cg18368637,0,1,0,0,0,0
cg07950469,0,0,0,1,0,0
cg04658693,0,0,0,1,0,0
cg26581448,0,1,0,0,0,0
cg22376582,0,0,0,0,1,0
cg12050706,0,1,0,0,0,0
cg03457528,0,0,0,0,1,0
cg02927836,1,0,0,0,0,0
cg10947611,0,0,1,0,0,0
cg03850213,0,1,0,0,0,0
cg18369680,0,0,0,1,0,0
cg13613965,1,0,0,0,0,0
cg15579816,0,0,1,0,0,0
cg16380285,1,0,0,0,0,0
cg01083050,0,1,0,0,0,0
cg09080522,1,0,0,0,0,0
cg07010687,0,0,0,0,0,1
cg26351001,1,0,0,0,0,0
cg03953671,0,0,1,0,0,0
cg02121345,0,0,0,0,1,0
cg25121332,0,1,0,0,0,0
cg18330370,0,0,0,1,0,0
cg15347108,0,0,0,0,0,1
cg08971667,0,0,1,0,0,0
cg16018995,0,0,0,1,0,0
cg10848367,0,1,0,0,0,0
cg25590114,0,0,0,1,0,0
cg25255854,0,0,0,0,1,0
cg06753439,0,0,1,0,0,0
cg10605977,0,0,0,1,0,0
cg03980408,0,0,0,0,0,1
cg27546264,0,0,0,0,1,0
cg10758824,0,0,0,0,0,1
cg13861244,0,0,0,0,0,1
cg05114959,0,0,0,0,0,1
cg09892104,0,0,0,0,0,1
cg10335834,0,1,0,0,0,0
cg26757542,0,0,0,0,1,0
cg18810342,0,0,0,0,1,0
cg15869649,0,0,0,0,0,1
cg04900915,0,0,0,0,1,0
cg08946720,0,0,0,1,0,0
cg14661946,0,0,0,0,1,0
cg06300469,1,0,0,0,0,0
cg13049247,0,0,0,1,0,0
cg07050602,0,0,0,0,1,0
cg14580228,0,0,0,0,0,1
cg22626548,0,0,0,1,0,0
cg11316100,0,1,0,0,0,0
cg00196475,0,0,0,0,1,0
cg03559454,1,0,0,0,0,0
cg09159022,0,0,1,0,0,0
cg07031797,0,0,1,0,0,0
cg08384913,0,0,0,0,1,0
cg16351010,0,0,1,0,0,0
cg11297817,0,0,0,0,1,0
cg15992272,0,1,0,0,0,0
cg27134139,0,1,0,0,0,0
cg17178900,0,0,1,0,0,0
cg14434293,0,0,0,0,0,1
cg00069391,0,0,0,1,0,0
cg10998227,0,1,0,0,0,0
cg17026874,0,0,0,0,1,0
cg08083599,0,0,1,0,0,0
cg02482718,0,0,0,0,0,1
cg19295951,1,0,0,0,0,0
cg19576806,0,0,0,0,1,0
cg00864954,0,0,0,0,0,1
cg02784874,0,0,0,0,0,1
cg11423822,0,0,1,0,0,0
cg02403180,0,0,1,0,0,0
cg27243490,0,0,0,1,0,0
cg08043565,0,0,0,0,0,1
cg11862731,0,0,1,0,0,0
cg06712088,0,0,0,1,0,0
cg08469509,1,0,0,0,0,0
cg03510349,1,0,0,0,0,0
cg25030802,0,0,0,1,0,0
cg08268266,0,0,0,0,1,0
cg02589576,0,0,0,1,0,0
cg12530017,0,0,0,0,1,0
cg25598371,0,0,0,0,1,0
cg10974412,0,0,1,0,0,0
cg13605674,0,0,0,0,0,1
cg13737408,0,1,0,0,0,0
cg01722493,1,0,0,0,0,0
cg19590591,0,1,0,0,0,0
cg08735716,0,0,1,0,0,0
cg22926869,1,0,0,0,0,0
cg05804220,1,0,0,0,0,0
cg06483559,0,0,0,0,0,1
cg26788570,1,0,0,0,0,0
cg24429159,0,1,0,0,0,0
cg08088970,0,1,0,0,0,0
cg00584686,0,0,0,1,0,0
